model,strategy,pr_auc_mean,pr_auc_std,recall_at_5pct_mean,recall_at_5pct_std,precision_at_5pct_mean,precision_at_5pct_std,event_recall_at_5pct_mean,event_recall_at_5pct_std,recall_at_0.5_mean,recall_at_0.5_std,alert_rate_at_0.5_mean,alert_rate_at_0.5_std,mean_pred_mean,mean_pred_std,brier_mean,brier_std,fit_seconds_mean,fit_seconds_std
LightGBM,none,0.6152215105045532,0.0034207884640853094,0.7107046070460705,0.0011734761568894655,0.24148250460405155,0.0003987225615950344,0.8313725490196079,0.0,0.5589430894308943,0.005377543315171919,0.011813885859687387,5.205579442652541e-05,0.019946712631505246,0.00018163038957612202,0.00891682708181358,4.557903596691837e-05,1.6658790906270344,0.1299199453027316
LightGBM,smote,0.60959523040378,0.0014741955971235238,0.7059620596205963,0.0011734761568894417,0.23987108655616943,0.0003987225615950344,0.8313725490196079,0.003921568627451036,0.5636856368563686,0.002346952313778995,0.012450018175209014,0.0001196798181667197,0.027759642991580426,0.0008428125751361705,0.009499752185301179,7.845689214715466e-05,2.7004779974619546,0.22915882997172973
LightGBM,undersample,0.6054122326133496,0.0021924143777555475,0.7073170731707318,0.005377543315171919,0.24033149171270718,0.001827176319795986,0.8274509803921569,0.00392156862745105,0.6233062330623307,0.007137976797325755,0.01852735368956743,0.00039790712214051653,0.048008457781801905,0.000938529776543711,0.013407019121996502,0.000234873265142503,1.1381006240844727,0.04822798382572154
LightGBM,weight_full,0.6096098031496452,0.0019324075083447679,0.7018970189701896,0.0031047260805934012,0.23848987108655617,0.0010549207400911299,0.8222222222222223,0.0022641187027044067,0.6937669376693766,0.003104726080593386,0.04507451835696111,0.000977247646946707,0.11396366028081617,0.0005824847119842957,0.03602536281061813,0.00017099012876474023,1.7581733862559001,0.01320844014475881
LightGBM,weight_sqrt,0.6133207180309471,0.0020752623677223743,0.7127371273712737,0.004231028454199435,0.2421731123388582,0.0014376146405152875,0.8339869281045752,0.004528237405408813,0.6273712737127372,0.006533638726960012,0.01855007270083606,0.0001574019272599852,0.04757208841907124,0.00043788783794773673,0.013434623904527708,6.637668490807156e-05,1.621224085489909,0.07838429298988446
LogisticRegression,none,0.5919340225257482,,0.6890243902439024,,0.2341160220994475,,0.803921568627451,,0.508130081300813,,0.01097328244274809,,0.02333620918075914,,0.009487857655797674,,0.5298008918762207,
LogisticRegression,smote,0.5909740971834613,0.0005300486435749408,0.682249322493225,0.004231028454199464,0.23181399631675872,0.0014376146405152758,0.8039215686274511,0.0039215686274509665,0.5934959349593496,0.00537754331517194,0.016777989821882954,0.0002269059473309493,0.06078481559138104,0.0007875117551670664,0.01497559935392317,0.00018705179901697951,0.5588774681091309,0.03460253473268738
LogisticRegression,undersample,0.5909396693636609,0.0012614870233941414,0.6917344173441734,0.0011734761568895217,0.23503683241252302,0.0003987225615950404,0.8078431372549021,0.0,0.5989159891598916,0.00620945216118684,0.017380043620501637,0.0004770992366412213,0.06376698456008245,0.00082316609461429,0.015491343331650228,0.0003005184105882525,0.3747163613637288,0.012330125625172262
LogisticRegression,weight_full,0.5873792556309856,,0.6808943089430894,,0.231353591160221,,0.8,,0.7723577235772358,,0.1472532715376227,,0.283717839120565,,0.11533082569420858,,0.4961280822753906,
LogisticRegression,weight_sqrt,0.5917232302446301,,0.6890243902439024,,0.2341160220994475,,0.807843137254902,,0.6138211382113821,,0.020958287895310797,,0.08172445066740329,,0.019849912728616182,,0.48455190658569336,
XGBoost,none,0.6134606499621634,0.003979243015782784,0.7100271002710027,0.002346952313778995,0.2412523020257827,0.0007974451231900888,0.8339869281045752,0.004528237405408813,0.5630081300813008,0.003520428470668349,0.011734369320247183,3.93504818149958e-05,0.02098492595056693,0.0001432538735350609,0.008936703825990358,4.715149155077698e-05,1.491059382756551,0.04347439770225871
XGBoost,smote,0.6067090237828602,0.0025493589788802805,0.706639566395664,0.005115063980535777,0.2401012891344383,0.0017379913525024852,0.8274509803921569,0.006792356108113332,0.5630081300813008,0.004065040650406471,0.012711286804798256,0.0001228718400853311,0.03039410834511121,0.0004592599760968844,0.009722691339751085,2.682152179899153e-05,2.3087279001871743,0.0513967330885461
XGBoost,undersample,0.6035429154033248,0.0019208317605696396,0.706639566395664,0.0011734761568894417,0.2401012891344383,0.0003987225615950404,0.8287581699346406,0.008163396076337825,0.6172086720867208,0.005867380784447456,0.01831152308251545,0.0003579596341464167,0.052808878322442375,0.0006260281582752391,0.013754004302124182,0.00020900266281179657,0.8480766614278158,0.013413737875131627
XGBoost,weight_full,0.5958388665008693,0.0009031994906035923,0.7039295392953929,0.003104726080593386,0.2391804788213628,0.001054920740091126,0.8222222222222223,0.008163396076337766,0.6890243902439025,0.0035204284706684607,0.04351826608505998,0.0003286413154645869,0.13803641001383463,0.002456691806321146,0.04038741812109947,0.0006630865261635481,1.542313575744629,0.03945774750558841
XGBoost,weight_sqrt,0.6054539056122016,0.001969213915262608,0.7032520325203252,0.0020325203252033186,0.23895027624309392,0.000690607734806635,0.8313725490196079,0.0,0.6144986449864499,0.004231028454199464,0.01734596510359869,0.0005290408497907572,0.05228090286254883,0.00016907311292838615,0.013335016556084156,0.00011743661589525326,1.5683103402455647,0.04415188248796311
