,mean_abs_shap
primary_z3_signed,0.5527187
days_since_related_fault,0.4443103
caution_faults_7d,0.24964508
csi_over_mtbur,0.2017956
primary_slope30_signed,0.18986513
days_since_install,0.17083761
related_faults_30d,0.1685193
primary_slope_signed,0.14308308
pres_mean_7d,0.100412436
related_faults_7d,0.09944829
primary_z_signed,0.09927177
csn_over_mtbur,0.08850694
sensor_missing_ratio_7d,0.084452346
pres_z_vs_ref,0.07701427
csn,0.07458007
ata_chapter,0.07171776
csi,0.070669994
part_no,0.0688602
temp_mean_7d,0.06780878
pres_z3_vs_ref,0.06668213
cso,0.064837836
primary_sensor,0.06453308
vib_z3_vs_ref,0.05632542
temp_dev_part,0.051465925
prior_unscheduled_removals,0.044454414
climate_zone,0.044014957
related_faults_3d,0.042057596
primary_dev_part_signed,0.041675463
vib_slope_14d,0.03919549
pres_dev_part,0.037860923
oat_7d,0.03643543
fc_per_day_30d,0.035440356
pres_slope_14d,0.03060477
temp_z3_vs_ref,0.030104637
primary_accel_signed,0.026227374
days_since_last_removal,0.02570228
ac_age_years,0.024418341
vib_mean_7d,0.023905007
shop_visits,0.018046388
vib_dev_part,0.015899314
max_abs_z,0.015188259
vib_z_vs_ref,0.014783885
days_since_last_reading,0.013558196
temp_z_vs_ref,0.013466711
temp_slope_14d,0.011393697
related_faults_trend,0.010025962
mel_deferrals_30d,0.009068325
aircraft_type,0.005421008
nuisance_faults_7d,0.0050817644
low_history,0.0013559853
troubleshooting_install,0.0010604648
troubleshooting_30d,0.00060463196
prior_nff_removals,0.0
